
---------------------------------CollegeStudent---------------------------------

mysql> use project
Database changed
----------------------------------------------------------------------------------------------------------------------------------
mysql> create table college_student(sid int,sname varchar(23),deptname varchar(23),address varchar(23),marks int,age int);
Query OK, 0 rows affected (0.06 sec)
-----------------------------------------------------------------------------------------------------------------------------------
mysql> insert into college_student values(01,"pratiksha","co","pune",88,22),(02,"Atul","It","saswad",94,23);
Query OK, 2 rows affected (0.01 sec)
Records: 2  Duplicates: 0  Warnings: 0
-------------------------------------------------------------------------------------------------------------------------
before table->

mysql> select * from college_student;
+------+-----------+----------+---------+-------+------+
| sid  | sname     | deptname | address | marks | age  |
+------+-----------+----------+---------+-------+------+
|    1 | pratiksha | co       | pune    |    88 |   22 |
|    2 | Atul      | It       | saswad  |    94 |   23 |
+------+-----------+----------+---------+-------+------+
2 rows in set (0.00 sec)
-----------------------------------------------------------------------
after save->

mysql> select * from college_student;
+------+-----------+----------+---------+-------+------+
| sid  | sname     | deptname | address | marks | age  |
+------+-----------+----------+---------+-------+------+
|    1 | pratiksha | co       | pune    |    88 |   22 |
|    2 | Atul      | It       | saswad  |    94 |   23 |
|    3 | harry     | It       | saswad  |    81 |   23 |
+------+-----------+----------+---------+-------+------+
3 rows in set (0.00 sec)
----------------------------------------------------------------------------
after update->

mysql> select * from college_student;
+------+-----------+----------+-----------+-------+------+
| sid  | sname     | deptname | address   | marks | age  |
+------+-----------+----------+-----------+-------+------+
|    1 | pratiksha | co       | pune      |    88 |   22 |
|    2 | Atul      | It       | saswad    |    94 |   23 |
|    3 | aarti     | computer | nasarapur |    91 |   23 |
+------+-----------+----------+-----------+-------+------+
3 rows in set (0.00 sec)
--------------------------------------------------------------------------
after delete->

mysql> select * from college_student;
+------+-------+----------+-----------+-------+------+
| sid  | sname | deptname | address   | marks | age  |
+------+-------+----------+-----------+-------+------+
|    2 | Atul  | It       | saswad    |    94 |   23 |
|    3 | aarti | computer | nasarapur |    91 |   23 |
+------+-------+----------+-----------+-------+------+
2 rows in set (0.00 sec)
------------------------------------------------------------------------

-------------------------------------CollegeStaff-----------------------------

mysql> create table collegestaff(staffid int,staffname varchar(23),staffdeptname varchar(23),address varchar(23),mobileno double,salary double);
Query OK, 0 rows affected (0.08 sec)
---------------------------------------------------------------------------------------------------------------------------------------------------------------

mysql> insert into collegestaff values(1,"pravin","co","saswad",7654328765,60000),(2,"tejal","It","pune",8654328765,50000);
Query OK, 2 rows affected (0.01 sec)
Records: 2  Duplicates: 0  Warnings: 0
-----------------------------------------------------------------------------------------------------------------------------------------------
before table->

mysql> select * from collegestaff;
+---------+-----------+---------------+---------+------------+--------+
| staffid | staffname | staffdeptname | address | mobileno   | salary |
+---------+-----------+---------------+---------+------------+--------+
|       1 | pravin    | co            | saswad  | 7654328765 |  60000 |
|       2 | tejal     | It            | pune    | 8654328765 |  50000 |
+---------+-----------+---------------+---------+------------+--------+
2 rows in set (0.00 sec)
----------------------------------------------------------------------------------
after save->

mysql> select * from collegestaff;
+---------+-----------+---------------+---------+------------+--------+
| staffid | staffname | staffdeptname | address | mobileno   | salary |
+---------+-----------+---------------+---------+------------+--------+
|       1 | pravin    | co            | saswad  | 7654328765 |  60000 |
|       2 | tejal     | It            | pune    | 8654328765 |  50000 |
|       3 | ketaki    | It            | mumbai  | 9654328765 |  55000 |
+---------+-----------+---------------+---------+------------+--------+
3 rows in set (0.00 sec)
-----------------------------------------------------------------------------------
after update->

mysql> select * from collegestaff;
+---------+-----------+---------------+-----------+------------+--------+
| staffid | staffname | staffdeptname | address   | mobileno   | salary |
+---------+-----------+---------------+-----------+------------+--------+
|       1 | pravin    | co            | saswad    | 7654328765 |  60000 |
|       2 | tejal     | It            | nasarapur | 8654328765 |  40000 |
|       3 | ketaki    | It            | mumbai    | 9654328765 |  55000 |
+---------+-----------+---------------+-----------+------------+--------+
3 rows in set (0.00 sec)
--------------------------------------------------------------------------------
after delete->

mysql> select * from collegestaff;
+---------+-----------+---------------+-----------+------------+--------+
| staffid | staffname | staffdeptname | address   | mobileno   | salary |
+---------+-----------+---------------+-----------+------------+--------+
|       2 | tejal     | It            | nasarapur | 8654328765 |  40000 |
|       3 | ketaki    | It            | mumbai    | 9654328765 |  55000 |
+---------+-----------+---------------+-----------+------------+--------+
2 rows in set (0.00 sec)